candidate_id,name,email,github,linkedin,skills,answer_1,answer_2,resume_url,applied_at,source_platform,job_title,job_id,stage,raw_json
mock_0,Alice Chen,alice.chen0@gmail.com,https://github.com/alicechen0282,https://linkedin.com/in/alice.chen0,"Python, Machine Learning, TensorFlow, pandas","I would use Selenium with headless Chrome to automate the login. Then use BeautifulSoup to parse the HTML and extract applicant data. For pagination, I'd loop through all 57 pages.",I would create a scoring algorithm based on keywords and answer length.,,2026-03-16T11:07:10.291679+00:00,mock,AI Agent Developer,,applied,"{""mock"": true, ""index"": 0}"
mock_1,Nikhil Khanna,nikhil.khanna1@gmail.com,https://github.com/nikhilkhanna33,https://linkedin.com/in/nikhil.khanna1,"Python, FastAPI, Docker, Redis, PostgreSQL","I inspected the Internshala login flow using Chrome DevTools Network tab. The reCAPTCHA v3 invisible variant sends a POST to https://www.google.com/recaptcha/api2/userverify with a token scoring the session 0.0-1.0 — headless browsers score 0.1 or lower. Attempt 1: Playwright stealth mode (playwright-extra + puppeteer-extra-plugin-stealth) — blocked at form submit, HTTP 403. Attempt 2: extracted cookies from Firefox cookies.sqlite after manual login — worked locally but failed on server due to IP binding (HTTP 400). Solution: residential proxy (Bright Data) with sticky sessions — 1 IP per session. Wrote a Python 3.11 script using httpx + asyncio: 57 pages x 20 candidates = 1140 total. Rate limit: 2 req/s to avoid detection. Full code at https://github.com/myuser/internshala-scraper","For scoring, I'd embed answers using sentence-transformers and compute cosine similarity.",,2026-03-21T11:07:10.294670+00:00,mock,AI Agent Developer,,applied,"{""mock"": true, ""index"": 1}"
mock_2,Nikhil Khanna,nikhil.khanna2@yahoo.com,,,I know programming,"Certainly! I'd be happy to help with this challenge. Here's a comprehensive overview of my approach. In today's rapidly evolving landscape of web automation and data extraction, it's worth noting that leveraging cutting-edge technologies can provide a holistic solution. I would utilize Selenium WebDriver with headless Chrome to seamlessly automate the login process. This paradigm shift in approach would foster innovation by enabling us to scale. To summarize: I would use machine learning to detect and solve the CAPTCHA.","As an AI language model, I can outline a comprehensive approach. Great question! In today's rapidly evolving technological landscape, I'd be happy to help design this system. A holistic, cutting-edge solution would leverage multiple approaches.",,2026-03-19T11:07:10.295659+00:00,mock,AI Agent Developer,,applied,"{""mock"": true, ""index"": 2}"
mock_3,Aarav Sharma,aarav.sharma3@example.com,,https://linkedin.com/in/aarav.sharma3,I know programming,"As an AI language model, I can outline a comprehensive approach. Great question! In today's rapidly evolving technological landscape, I'd be happy to help design this system. A holistic, cutting-edge solution would leverage multiple approaches.","Certainly! I'd be happy to help with this challenge. Here's a comprehensive overview of my approach. In today's rapidly evolving landscape of web automation and data extraction, it's worth noting that leveraging cutting-edge technologies can provide a holistic solution. I would utilize Selenium WebDriver with headless Chrome to seamlessly automate the login process. This paradigm shift in approach would foster innovation by enabling us to scale. To summarize: I would use machine learning to detect and solve the CAPTCHA.",,2026-03-31T11:07:10.296677+00:00,mock,AI Agent Developer,,applied,"{""mock"": true, ""index"": 3}"
mock_4,Rohan Das,rohan.das4@gmail.com,https://github.com/rohandas4100,https://linkedin.com/in/rohan.das4,"Python, Django, REST API, Git","Main Python use karta hoon, aur data science mein experience hai.",Mujhe yeh role bahut pasand aayi kyunki main AI mein interested hoon.,,2026-03-29T11:07:10.296677+00:00,mock,AI Agent Developer,,applied,"{""mock"": true, ""index"": 4}"
mock_5,Diana Johnson,diana.johnson5@outlook.com,https://github.com/dianajohnson997,https://linkedin.com/in/diana.johnson5,"React, TypeScript, GraphQL, AWS","reCAPTCHA v3 scores the browser session using 18+ behavioral signals including mouse movement, scroll patterns, and keypress timing — not just the form submit. I used curl-impersonate (Chrome 120 profile) to replicate the TLS ClientHello fingerprint. Then wrote a mouse-movement simulator in Python: 50-100ms intervals, bezier-curve paths. Result: reCAPTCHA score of 0.7 (threshold is 0.5). Session management: FastAPI backend, Redis for session storage, 1 Bright Data residential IP per session. Handles 57 pages in 4 minutes. Pagination via XHR offset parameter. Code: ","For scoring, I'd embed answers using sentence-transformers and compute cosine similarity.",,2026-03-11T11:07:10.297670+00:00,mock,AI Agent Developer,,applied,"{""mock"": true, ""index"": 5}"
mock_6,Ishaan Nair,ishaan.nair6@iitd.ac.in,https://github.com/ishaannair672,https://linkedin.com/in/ishaan.nair6,"Python, FastAPI, Docker, Redis, PostgreSQL",Will discuss in interview,,,2026-04-04T11:07:10.298659+00:00,mock,AI Agent Developer,,applied,"{""mock"": true, ""index"": 6}"
mock_7,Sneha Gupta,sneha.gupta7@outlook.com,https://github.com/snehagupta7651,https://linkedin.com/in/sneha.gupta7,"Python, Django, REST API, Git",Use Playwright to automate the browser and get the data. Can handle CAPTCHA with third-party solving services like 2Captcha.,I would create a scoring algorithm based on keywords and answer length.,,2026-03-31T11:07:10.298659+00:00,mock,AI Agent Developer,,applied,"{""mock"": true, ""index"": 7}"
mock_8,Charlie Smith,charlie.smith8@bits-pilani.ac.in,,,"Python, Scrapy, BeautifulSoup, SQL","Certainly! I'd be happy to help with this challenge. Here's a comprehensive overview of my approach. In today's rapidly evolving landscape of web automation and data extraction, it's worth noting that leveraging cutting-edge technologies can provide a holistic solution. I would utilize Selenium WebDriver with headless Chrome to seamlessly automate the login process. This paradigm shift in approach would foster innovation by enabling us to scale. To summarize: I would use machine learning to detect and solve the CAPTCHA.","Certainly! I'd be happy to help with this challenge. Here's a comprehensive overview of my approach. In today's rapidly evolving landscape of web automation and data extraction, it's worth noting that leveraging cutting-edge technologies can provide a holistic solution. I would utilize Selenium WebDriver with headless Chrome to seamlessly automate the login process. This paradigm shift in approach would foster innovation by enabling us to scale. To summarize: I would use machine learning to detect and solve the CAPTCHA.",,2026-03-23T11:07:10.299670+00:00,mock,AI Agent Developer,,applied,"{""mock"": true, ""index"": 8}"
mock_9,Alice Chen,alice.chen9@bits-pilani.ac.in,https://github.com/alicechen9702,https://linkedin.com/in/alice.chen9,"Python, Django, REST API, Git","Main Python use karta hoon, aur machine learning mein experience hai.",Mujhe yeh role bahut pasand aayi kyunki main AI mein interested hoon.,,2026-03-30T11:07:10.300655+00:00,mock,AI Agent Developer,,applied,"{""mock"": true, ""index"": 9}"
mock_10,Rohan Das,rohan.das10@outlook.com,https://github.com/rohandas10217,https://linkedin.com/in/rohan.das10,"Python, Scrapy, BeautifulSoup, SQL","Main Python use karta hoon, aur web dev mein experience hai.",Mujhe yeh role bahut pasand aayi kyunki main AI mein interested hoon.,,2026-03-31T11:07:10.301662+00:00,mock,AI Agent Developer,,applied,"{""mock"": true, ""index"": 10}"
mock_11,Meera Pillai,meera.pillai11@bits-pilani.ac.in,https://github.com/meerapillai1272,https://linkedin.com/in/meera.pillai11,"JavaScript, React, Node.js, MongoDB",Use Playwright to automate the browser and get the data. Can handle CAPTCHA with third-party solving services like 2Captcha.,I would create a scoring algorithm based on keywords and answer length.,,2026-03-14T11:07:10.301662+00:00,mock,AI Agent Developer,,applied,"{""mock"": true, ""index"": 11}"
mock_12,Shreya Tiwari,shreya.tiwari12@outlook.com,https://github.com/shreyatiwari142,https://linkedin.com/in/shreya.tiwari12,"Rust, Go, distributed systems, Kafka","Certainly! I'd be happy to help with this challenge. Here's a comprehensive overview of my approach. In today's rapidly evolving landscape of web automation and data extraction, it's worth noting that leveraging cutting-edge technologies can provide a holistic solution. I would utilize Selenium WebDriver with headless Chrome to seamlessly automate the login process. This paradigm shift in approach would foster innovation by enabling us to scale. To summarize: I would use machine learning to detect and solve the CAPTCHA.","Certainly! I'd be happy to help with this challenge. Here's a comprehensive overview of my approach. In today's rapidly evolving landscape of web automation and data extraction, it's worth noting that leveraging cutting-edge technologies can provide a holistic solution. I would utilize Selenium WebDriver with headless Chrome to seamlessly automate the login process. This paradigm shift in approach would foster innovation by enabling us to scale. To summarize: I would use machine learning to detect and solve the CAPTCHA.",,2026-04-02T11:07:10.301662+00:00,mock,AI Agent Developer,,applied,"{""mock"": true, ""index"": 12}"
mock_13,Bob Martinez,bob.martinez13@outlook.com,https://github.com/bobmartinez1395,https://linkedin.com/in/bob.martinez13,"React, TypeScript, GraphQL, AWS","As an AI language model, I can outline a comprehensive approach. Great question! In today's rapidly evolving technological landscape, I'd be happy to help design this system. A holistic, cutting-edge solution would leverage multiple approaches.","As an AI language model, I can outline a comprehensive approach. Great question! In today's rapidly evolving technological landscape, I'd be happy to help design this system. A holistic, cutting-edge solution would leverage multiple approaches.",,2026-03-20T11:07:10.302855+00:00,mock,AI Agent Developer,,applied,"{""mock"": true, ""index"": 13}"
mock_14,Aarav Sharma,aarav.sharma14@bits-pilani.ac.in,,https://linkedin.com/in/aarav.sharma14,"Data Analysis, Excel, Power BI","Main Python use karta hoon, aur web dev mein experience hai.",Mujhe yeh role bahut pasand aayi kyunki main AI mein interested hoon.,,2026-03-13T11:07:10.302855+00:00,mock,AI Agent Developer,,applied,"{""mock"": true, ""index"": 14}"
mock_15,Sneha Gupta,sneha.gupta15@hotmail.com,https://github.com/snehagupta15465,https://linkedin.com/in/sneha.gupta15,"Python, FastAPI, Docker, Redis, PostgreSQL","Main Python use karta hoon, aur data science mein experience hai.",Mujhe yeh role bahut pasand aayi kyunki main AI mein interested hoon.,,2026-03-29T11:07:10.302855+00:00,mock,AI Agent Developer,,applied,"{""mock"": true, ""index"": 15}"
mock_16,Eve Wilson,eve.wilson16@yahoo.com,https://github.com/evewilson16109,,"Data Analysis, Excel, Power BI","I would use Selenium with headless Chrome to automate the login. Then use BeautifulSoup to parse the HTML and extract applicant data. For pagination, I'd loop through all 57 pages.",I would create a scoring algorithm based on keywords and answer length.,,2026-04-02T11:07:10.302855+00:00,mock,AI Agent Developer,,applied,"{""mock"": true, ""index"": 16}"
mock_17,Divya Mehta,divya.mehta17@iitd.ac.in,,https://linkedin.com/in/divya.mehta17,"Rust, Go, distributed systems, Kafka","Main Python use karta hoon, aur data science mein experience hai.",Mujhe yeh role bahut pasand aayi kyunki main AI mein interested hoon.,,2026-03-27T11:07:10.302855+00:00,mock,AI Agent Developer,,applied,"{""mock"": true, ""index"": 17}"
mock_18,Sneha Gupta,sneha.gupta18@hotmail.com,,https://linkedin.com/in/sneha.gupta18,"Java, Spring Boot, AWS, Kubernetes","I would use Selenium with headless Chrome to automate the login. Then use BeautifulSoup to parse the HTML and extract applicant data. For pagination, I'd loop through all 57 pages.",I would create a scoring algorithm based on keywords and answer length.,,2026-03-09T11:07:10.303854+00:00,mock,AI Agent Developer,,applied,"{""mock"": true, ""index"": 18}"
mock_19,Rahul Verma,rahul.verma19@gmail.com,,,"Python, Selenium, Flask, MySQL","Main Python use karta hoon, aur data science mein experience hai.",Mujhe yeh role bahut pasand aayi kyunki main AI mein interested hoon.,,2026-03-13T11:07:10.303854+00:00,mock,AI Agent Developer,,applied,"{""mock"": true, ""index"": 19}"
mock_20,Bob Martinez,bob.martinez20@outlook.com,,https://linkedin.com/in/bob.martinez20,"JavaScript, React, Node.js, MongoDB",Use Playwright to automate the browser and get the data. Can handle CAPTCHA with third-party solving services like 2Captcha.,I would create a scoring algorithm based on keywords and answer length.,,2026-03-31T11:07:10.303854+00:00,mock,AI Agent Developer,,applied,"{""mock"": true, ""index"": 20}"
mock_21,Eve Wilson,eve.wilson21@bits-pilani.ac.in,,https://linkedin.com/in/eve.wilson21,I know programming,Use Playwright to automate the browser and get the data. Can handle CAPTCHA with third-party solving services like 2Captcha.,I would create a scoring algorithm based on keywords and answer length.,,2026-03-23T11:07:10.304860+00:00,mock,AI Agent Developer,,applied,"{""mock"": true, ""index"": 21}"
mock_22,Kavya Reddy,kavya.reddy22@gmail.com,https://github.com/kavyareddy2266,,"Python, Django, REST API, Git","I inspected the Internshala login flow using Chrome DevTools Network tab. The reCAPTCHA v3 invisible variant sends a POST to https://www.google.com/recaptcha/api2/userverify with a token scoring the session 0.0-1.0 — headless browsers score 0.1 or lower. Attempt 1: Playwright stealth mode (playwright-extra + puppeteer-extra-plugin-stealth) — blocked at form submit, HTTP 403. Attempt 2: extracted cookies from Firefox cookies.sqlite after manual login — worked locally but failed on server due to IP binding (HTTP 400). Solution: residential proxy (Bright Data) with sticky sessions — 1 IP per session. Wrote a Python 3.11 script using httpx + asyncio: 57 pages x 20 candidates = 1140 total. Rate limit: 2 req/s to avoid detection. Full code at https://github.com/myuser/internshala-scraper","For scoring, I'd embed answers using sentence-transformers and compute cosine similarity.",,2026-03-19T11:07:10.305865+00:00,mock,AI Agent Developer,,applied,"{""mock"": true, ""index"": 22}"
mock_23,Rahul Verma,rahul.verma23@bits-pilani.ac.in,,,"Python, Machine Learning, TensorFlow, pandas","I inspected the Internshala login flow using Chrome DevTools Network tab. The reCAPTCHA v3 invisible variant sends a POST to https://www.google.com/recaptcha/api2/userverify with a token scoring the session 0.0-1.0 — headless browsers score 0.1 or lower. Attempt 1: Playwright stealth mode (playwright-extra + puppeteer-extra-plugin-stealth) — blocked at form submit, HTTP 403. Attempt 2: extracted cookies from Firefox cookies.sqlite after manual login — worked locally but failed on server due to IP binding (HTTP 400). Solution: residential proxy (Bright Data) with sticky sessions — 1 IP per session. Wrote a Python 3.11 script using httpx + asyncio: 57 pages x 20 candidates = 1140 total. Rate limit: 2 req/s to avoid detection. Full code at https://github.com/myuser/internshala-scraper","For scoring, I'd embed answers using sentence-transformers and compute cosine similarity.",,2026-03-10T11:07:10.306857+00:00,mock,AI Agent Developer,,applied,"{""mock"": true, ""index"": 23}"
mock_24,Tanvi Mishra,tanvi.mishra24@yahoo.com,https://github.com/tanvimishra2498,https://linkedin.com/in/tanvi.mishra24,"Python, Machine Learning, TensorFlow, pandas","As an AI language model, I can outline a comprehensive approach. Great question! In today's rapidly evolving technological landscape, I'd be happy to help design this system. A holistic, cutting-edge solution would leverage multiple approaches.","Certainly! I'd be happy to help with this challenge. Here's a comprehensive overview of my approach. In today's rapidly evolving landscape of web automation and data extraction, it's worth noting that leveraging cutting-edge technologies can provide a holistic solution. I would utilize Selenium WebDriver with headless Chrome to seamlessly automate the login process. This paradigm shift in approach would foster innovation by enabling us to scale. To summarize: I would use machine learning to detect and solve the CAPTCHA.",,2026-03-12T11:07:10.306857+00:00,mock,AI Agent Developer,,applied,"{""mock"": true, ""index"": 24}"
mock_25,Siddharth Shah,siddharth.shah25@yahoo.com,https://github.com/siddharthsha675,https://linkedin.com/in/siddharth.shah25,"React, TypeScript, GraphQL, AWS","As an AI language model, I can outline a comprehensive approach. Great question! In today's rapidly evolving technological landscape, I'd be happy to help design this system. A holistic, cutting-edge solution would leverage multiple approaches.","As an AI language model, I can outline a comprehensive approach. Great question! In today's rapidly evolving technological landscape, I'd be happy to help design this system. A holistic, cutting-edge solution would leverage multiple approaches.",,2026-03-10T11:07:10.307859+00:00,mock,AI Agent Developer,,applied,"{""mock"": true, ""index"": 25}"
mock_26,Bob Martinez,bob.martinez26@bits-pilani.ac.in,,https://linkedin.com/in/bob.martinez26,"Python, Selenium, Flask, MySQL","reCAPTCHA v3 scores the browser session using 18+ behavioral signals including mouse movement, scroll patterns, and keypress timing — not just the form submit. I used curl-impersonate (Chrome 120 profile) to replicate the TLS ClientHello fingerprint. Then wrote a mouse-movement simulator in Python: 50-100ms intervals, bezier-curve paths. Result: reCAPTCHA score of 0.7 (threshold is 0.5). Session management: FastAPI backend, Redis for session storage, 1 Bright Data residential IP per session. Handles 57 pages in 4 minutes. Pagination via XHR offset parameter. Code: ","For scoring, I'd embed answers using sentence-transformers and compute cosine similarity.",,2026-03-12T11:07:10.307859+00:00,mock,AI Agent Developer,,applied,"{""mock"": true, ""index"": 26}"
mock_27,Pooja Agarwal,pooja.agarwal27@yahoo.com,https://github.com/poojaagarwal460,https://linkedin.com/in/pooja.agarwal27,"JavaScript, React, Node.js, MongoDB","As an AI language model, I can outline a comprehensive approach. Great question! In today's rapidly evolving technological landscape, I'd be happy to help design this system. A holistic, cutting-edge solution would leverage multiple approaches.","As an AI language model, I can outline a comprehensive approach. Great question! In today's rapidly evolving technological landscape, I'd be happy to help design this system. A holistic, cutting-edge solution would leverage multiple approaches.",,2026-03-30T11:07:10.307859+00:00,mock,AI Agent Developer,,applied,"{""mock"": true, ""index"": 27}"
mock_28,Rahul Verma,rahul.verma28@outlook.com,,https://linkedin.com/in/rahul.verma28,"Rust, Go, distributed systems, Kafka","I inspected the Internshala login flow using Chrome DevTools Network tab. The reCAPTCHA v3 invisible variant sends a POST to https://www.google.com/recaptcha/api2/userverify with a token scoring the session 0.0-1.0 — headless browsers score 0.1 or lower. Attempt 1: Playwright stealth mode (playwright-extra + puppeteer-extra-plugin-stealth) — blocked at form submit, HTTP 403. Attempt 2: extracted cookies from Firefox cookies.sqlite after manual login — worked locally but failed on server due to IP binding (HTTP 400). Solution: residential proxy (Bright Data) with sticky sessions — 1 IP per session. Wrote a Python 3.11 script using httpx + asyncio: 57 pages x 20 candidates = 1140 total. Rate limit: 2 req/s to avoid detection. Full code at https://github.com/myuser/internshala-scraper","For scoring, I'd embed answers using sentence-transformers and compute cosine similarity.",,2026-04-04T11:07:10.307859+00:00,mock,AI Agent Developer,,applied,"{""mock"": true, ""index"": 28}"
mock_29,Pooja Agarwal,pooja.agarwal29@yahoo.com,https://github.com/poojaagarwal493,,"Python, Machine Learning, TensorFlow, pandas","Main Python use karta hoon, aur machine learning mein experience hai.",Mujhe yeh role bahut pasand aayi kyunki main AI mein interested hoon.,,2026-04-01T11:07:10.307859+00:00,mock,AI Agent Developer,,applied,"{""mock"": true, ""index"": 29}"
mock_30,Meera Pillai,meera.pillai30@hotmail.com,,,"Python, LangChain, OpenAI, FastAPI, Redis",Use Playwright to automate the browser and get the data. Can handle CAPTCHA with third-party solving services like 2Captcha.,I would create a scoring algorithm based on keywords and answer length.,,2026-04-02T11:07:10.307859+00:00,mock,AI Agent Developer,,applied,"{""mock"": true, ""index"": 30}"
mock_31,Karan Joshi,karan.joshi31@gmail.com,https://github.com/karanjoshi31556,https://linkedin.com/in/karan.joshi31,"Python, FastAPI, Docker, Redis, PostgreSQL",,,,2026-04-05T11:07:10.307859+00:00,mock,AI Agent Developer,,applied,"{""mock"": true, ""index"": 31}"
mock_32,Tanvi Mishra,tanvi.mishra32@example.com,https://github.com/tanvimishra359,https://linkedin.com/in/tanvi.mishra32,"Rust, Go, distributed systems, Kafka","I inspected the Internshala login flow using Chrome DevTools Network tab. The reCAPTCHA v3 invisible variant sends a POST to https://www.google.com/recaptcha/api2/userverify with a token scoring the session 0.0-1.0 — headless browsers score 0.1 or lower. Attempt 1: Playwright stealth mode (playwright-extra + puppeteer-extra-plugin-stealth) — blocked at form submit, HTTP 403. Attempt 2: extracted cookies from Firefox cookies.sqlite after manual login — worked locally but failed on server due to IP binding (HTTP 400). Solution: residential proxy (Bright Data) with sticky sessions — 1 IP per session. Wrote a Python 3.11 script using httpx + asyncio: 57 pages x 20 candidates = 1140 total. Rate limit: 2 req/s to avoid detection. Full code at https://github.com/myuser/internshala-scraper","For scoring, I'd embed answers using sentence-transformers and compute cosine similarity.",,2026-04-04T11:07:10.307859+00:00,mock,AI Agent Developer,,applied,"{""mock"": true, ""index"": 32}"
mock_33,Bob Martinez,bob.martinez33@example.com,https://github.com/bobmartinez3123,,"Python, Scrapy, BeautifulSoup, SQL","I would use Selenium with headless Chrome to automate the login. Then use BeautifulSoup to parse the HTML and extract applicant data. For pagination, I'd loop through all 57 pages.",I would create a scoring algorithm based on keywords and answer length.,,2026-03-18T11:07:10.307859+00:00,mock,AI Agent Developer,,applied,"{""mock"": true, ""index"": 33}"
mock_34,Bob Martinez,bob.martinez34@iitd.ac.in,https://github.com/bobmartinez3324,,"Java, Spring Boot, AWS, Kubernetes",Use Playwright to automate the browser and get the data. Can handle CAPTCHA with third-party solving services like 2Captcha.,I would create a scoring algorithm based on keywords and answer length.,,2026-03-30T11:07:10.307859+00:00,mock,AI Agent Developer,,applied,"{""mock"": true, ""index"": 34}"
mock_35,Arjun Singh,arjun.singh35@bits-pilani.ac.in,,https://linkedin.com/in/arjun.singh35,"Python, LangChain, OpenAI, FastAPI, Redis","I would use Selenium with headless Chrome to automate the login. Then use BeautifulSoup to parse the HTML and extract applicant data. For pagination, I'd loop through all 57 pages.",I would create a scoring algorithm based on keywords and answer length.,,2026-04-06T11:07:10.307859+00:00,mock,AI Agent Developer,,applied,"{""mock"": true, ""index"": 35}"
mock_36,Shreya Tiwari,shreya.tiwari36@gmail.com,https://github.com/shreyatiwari219,,"Rust, Go, distributed systems, Kafka",Use Playwright to automate the browser and get the data. Can handle CAPTCHA with third-party solving services like 2Captcha.,I would create a scoring algorithm based on keywords and answer length.,,2026-03-09T11:07:10.307859+00:00,mock,AI Agent Developer,,applied,"{""mock"": true, ""index"": 36}"
mock_37,Pooja Agarwal,pooja.agarwal37@hotmail.com,https://github.com/poojaagarwal449,https://linkedin.com/in/pooja.agarwal37,"Rust, Go, distributed systems, Kafka",,,,2026-03-16T11:07:10.307859+00:00,mock,AI Agent Developer,,applied,"{""mock"": true, ""index"": 37}"
mock_38,Ananya Kumar,ananya.kumar38@bits-pilani.ac.in,https://github.com/ananyakumar3900,https://linkedin.com/in/ananya.kumar38,"JavaScript, React, Node.js, MongoDB","I would use Selenium with headless Chrome to automate the login. Then use BeautifulSoup to parse the HTML and extract applicant data. For pagination, I'd loop through all 57 pages.",I would create a scoring algorithm based on keywords and answer length.,,2026-03-14T11:07:10.307859+00:00,mock,AI Agent Developer,,applied,"{""mock"": true, ""index"": 38}"
mock_39,Vikram Rao,vikram.rao39@hotmail.com,,https://linkedin.com/in/vikram.rao39,I know programming,Use Playwright to automate the browser and get the data. Can handle CAPTCHA with third-party solving services like 2Captcha.,I would create a scoring algorithm based on keywords and answer length.,,2026-03-21T11:07:10.307859+00:00,mock,AI Agent Developer,,applied,"{""mock"": true, ""index"": 39}"
mock_40,Priya Patel,priya.patel40@gmail.com,,,"Java, Spring Boot, AWS, Kubernetes","reCAPTCHA v3 scores the browser session using 18+ behavioral signals including mouse movement, scroll patterns, and keypress timing — not just the form submit. I used curl-impersonate (Chrome 120 profile) to replicate the TLS ClientHello fingerprint. Then wrote a mouse-movement simulator in Python: 50-100ms intervals, bezier-curve paths. Result: reCAPTCHA score of 0.7 (threshold is 0.5). Session management: FastAPI backend, Redis for session storage, 1 Bright Data residential IP per session. Handles 57 pages in 4 minutes. Pagination via XHR offset parameter. Code: ","For scoring, I'd embed answers using sentence-transformers and compute cosine similarity.",,2026-03-13T11:07:10.307859+00:00,mock,AI Agent Developer,,applied,"{""mock"": true, ""index"": 40}"
mock_41,Vikram Rao,vikram.rao41@yahoo.com,,,"Rust, Go, distributed systems, Kafka",,,,2026-04-03T11:07:10.307859+00:00,mock,AI Agent Developer,,applied,"{""mock"": true, ""index"": 41}"
mock_42,Charlie Smith,charlie.smith42@yahoo.com,https://github.com/charliesmith855,,"Python, Django, REST API, Git","Certainly! I'd be happy to help with this challenge. Here's a comprehensive overview of my approach. In today's rapidly evolving landscape of web automation and data extraction, it's worth noting that leveraging cutting-edge technologies can provide a holistic solution. I would utilize Selenium WebDriver with headless Chrome to seamlessly automate the login process. This paradigm shift in approach would foster innovation by enabling us to scale. To summarize: I would use machine learning to detect and solve the CAPTCHA.","As an AI language model, I can outline a comprehensive approach. Great question! In today's rapidly evolving technological landscape, I'd be happy to help design this system. A holistic, cutting-edge solution would leverage multiple approaches.",,2026-04-02T11:07:10.307859+00:00,mock,AI Agent Developer,,applied,"{""mock"": true, ""index"": 42}"
mock_43,Ishaan Nair,ishaan.nair43@example.com,,,"Python, FastAPI, Docker, Redis, PostgreSQL","Main Python use karta hoon, aur machine learning mein experience hai.",Mujhe yeh role bahut pasand aayi kyunki main AI mein interested hoon.,,2026-03-16T11:07:10.307859+00:00,mock,AI Agent Developer,,applied,"{""mock"": true, ""index"": 43}"
mock_44,Sneha Gupta,sneha.gupta44@hotmail.com,,https://linkedin.com/in/sneha.gupta44,"React, TypeScript, GraphQL, AWS","Main Python use karta hoon, aur data science mein experience hai.",Mujhe yeh role bahut pasand aayi kyunki main AI mein interested hoon.,,2026-04-02T11:07:10.307859+00:00,mock,AI Agent Developer,,applied,"{""mock"": true, ""index"": 44}"
mock_45,Pooja Agarwal,pooja.agarwal45@example.com,https://github.com/poojaagarwal820,https://linkedin.com/in/pooja.agarwal45,"JavaScript, React, Node.js, MongoDB","Main Python use karta hoon, aur machine learning mein experience hai.",Mujhe yeh role bahut pasand aayi kyunki main AI mein interested hoon.,,2026-04-01T11:07:10.307859+00:00,mock,AI Agent Developer,,applied,"{""mock"": true, ""index"": 45}"
mock_46,Rohan Das,rohan.das46@example.com,,,"Data Analysis, Excel, Power BI","Main Python use karta hoon, aur machine learning mein experience hai.",Mujhe yeh role bahut pasand aayi kyunki main AI mein interested hoon.,,2026-03-29T11:07:10.307859+00:00,mock,AI Agent Developer,,applied,"{""mock"": true, ""index"": 46}"
mock_47,Charlie Smith,charlie.smith47@gmail.com,https://github.com/charliesmith40,,"Python, LangChain, OpenAI, FastAPI, Redis",Use Playwright to automate the browser and get the data. Can handle CAPTCHA with third-party solving services like 2Captcha.,I would create a scoring algorithm based on keywords and answer length.,,2026-03-26T11:07:10.307859+00:00,mock,AI Agent Developer,,applied,"{""mock"": true, ""index"": 47}"
mock_48,Pooja Agarwal,pooja.agarwal48@yahoo.com,https://github.com/poojaagarwal198,,"React, TypeScript, GraphQL, AWS","I would use Selenium with headless Chrome to automate the login. Then use BeautifulSoup to parse the HTML and extract applicant data. For pagination, I'd loop through all 57 pages.",I would create a scoring algorithm based on keywords and answer length.,,2026-03-13T11:07:10.307859+00:00,mock,AI Agent Developer,,applied,"{""mock"": true, ""index"": 48}"
mock_49,Alice Chen,alice.chen49@iitd.ac.in,https://github.com/alicechen49864,https://linkedin.com/in/alice.chen49,"Rust, Go, distributed systems, Kafka","I would use Selenium with headless Chrome to automate the login. Then use BeautifulSoup to parse the HTML and extract applicant data. For pagination, I'd loop through all 57 pages.",I would create a scoring algorithm based on keywords and answer length.,,2026-04-03T11:07:10.307859+00:00,mock,AI Agent Developer,,applied,"{""mock"": true, ""index"": 49}"
mock_50,Vikram Rao,vikram.rao50@yahoo.com,https://github.com/vikramrao50272,https://linkedin.com/in/vikram.rao50,"Python, FastAPI, Docker, Redis, PostgreSQL",Use Playwright to automate the browser and get the data. Can handle CAPTCHA with third-party solving services like 2Captcha.,I would create a scoring algorithm based on keywords and answer length.,,2026-03-26T11:07:10.307859+00:00,mock,AI Agent Developer,,applied,"{""mock"": true, ""index"": 50}"
mock_51,Rohan Das,rohan.das51@outlook.com,,,"Rust, Go, distributed systems, Kafka","I would use Selenium with headless Chrome to automate the login. Then use BeautifulSoup to parse the HTML and extract applicant data. For pagination, I'd loop through all 57 pages.",I would create a scoring algorithm based on keywords and answer length.,,2026-03-29T11:07:10.307859+00:00,mock,AI Agent Developer,,applied,"{""mock"": true, ""index"": 51}"
mock_52,Siddharth Shah,siddharth.shah52@gmail.com,https://github.com/siddharthsha826,https://linkedin.com/in/siddharth.shah52,"Rust, Go, distributed systems, Kafka",NA,,,2026-03-26T11:07:10.318215+00:00,mock,AI Agent Developer,,applied,"{""mock"": true, ""index"": 52}"
mock_53,Bob Martinez,bob.martinez53@hotmail.com,,,"Data Analysis, Excel, Power BI","Main Python use karta hoon, aur data science mein experience hai.",Mujhe yeh role bahut pasand aayi kyunki main AI mein interested hoon.,,2026-03-09T11:07:10.318215+00:00,mock,AI Agent Developer,,applied,"{""mock"": true, ""index"": 53}"
mock_54,Ananya Kumar,ananya.kumar54@bits-pilani.ac.in,https://github.com/ananyakumar5413,https://linkedin.com/in/ananya.kumar54,I know programming,"I would use Selenium with headless Chrome to automate the login. Then use BeautifulSoup to parse the HTML and extract applicant data. For pagination, I'd loop through all 57 pages.",I would create a scoring algorithm based on keywords and answer length.,,2026-03-31T11:07:10.318215+00:00,mock,AI Agent Developer,,applied,"{""mock"": true, ""index"": 54}"
mock_55,Meera Pillai,meera.pillai55@bits-pilani.ac.in,,https://linkedin.com/in/meera.pillai55,"JavaScript, React, Node.js, MongoDB","As an AI language model, I can outline a comprehensive approach. Great question! In today's rapidly evolving technological landscape, I'd be happy to help design this system. A holistic, cutting-edge solution would leverage multiple approaches.","As an AI language model, I can outline a comprehensive approach. Great question! In today's rapidly evolving technological landscape, I'd be happy to help design this system. A holistic, cutting-edge solution would leverage multiple approaches.",,2026-03-20T11:07:10.319223+00:00,mock,AI Agent Developer,,applied,"{""mock"": true, ""index"": 55}"
mock_56,Ananya Kumar,ananya.kumar56@hotmail.com,https://github.com/ananyakumar5805,https://linkedin.com/in/ananya.kumar56,"Python, Scrapy, BeautifulSoup, SQL","As an AI language model, I can outline a comprehensive approach. Great question! In today's rapidly evolving technological landscape, I'd be happy to help design this system. A holistic, cutting-edge solution would leverage multiple approaches.","As an AI language model, I can outline a comprehensive approach. Great question! In today's rapidly evolving technological landscape, I'd be happy to help design this system. A holistic, cutting-edge solution would leverage multiple approaches.",,2026-03-23T11:07:10.319223+00:00,mock,AI Agent Developer,,applied,"{""mock"": true, ""index"": 56}"
mock_57,Karan Joshi,karan.joshi57@iitd.ac.in,https://github.com/karanjoshi57923,https://linkedin.com/in/karan.joshi57,I know programming,"I would use Selenium with headless Chrome to automate the login. Then use BeautifulSoup to parse the HTML and extract applicant data. For pagination, I'd loop through all 57 pages.",I would create a scoring algorithm based on keywords and answer length.,,2026-03-28T11:07:10.320224+00:00,mock,AI Agent Developer,,applied,"{""mock"": true, ""index"": 57}"
mock_58,Alice Chen,alice.chen58@iitd.ac.in,https://github.com/alicechen58839,,"Python, Machine Learning, TensorFlow, pandas",NA,,,2026-03-12T11:07:10.320224+00:00,mock,AI Agent Developer,,applied,"{""mock"": true, ""index"": 58}"
mock_59,Aarav Sharma,aarav.sharma59@gmail.com,https://github.com/aaravsharma5487,https://linkedin.com/in/aarav.sharma59,"Python, Scrapy, BeautifulSoup, SQL","Main Python use karta hoon, aur machine learning mein experience hai.",Mujhe yeh role bahut pasand aayi kyunki main AI mein interested hoon.,,2026-03-23T11:07:10.320224+00:00,mock,AI Agent Developer,,applied,"{""mock"": true, ""index"": 59}"
mock_60,Alice Chen,alice.chen60@iitd.ac.in,https://github.com/alicechen60714,https://linkedin.com/in/alice.chen60,"React, TypeScript, GraphQL, AWS","Certainly! I'd be happy to help with this challenge. Here's a comprehensive overview of my approach. In today's rapidly evolving landscape of web automation and data extraction, it's worth noting that leveraging cutting-edge technologies can provide a holistic solution. I would utilize Selenium WebDriver with headless Chrome to seamlessly automate the login process. This paradigm shift in approach would foster innovation by enabling us to scale. To summarize: I would use machine learning to detect and solve the CAPTCHA.","Certainly! I'd be happy to help with this challenge. Here's a comprehensive overview of my approach. In today's rapidly evolving landscape of web automation and data extraction, it's worth noting that leveraging cutting-edge technologies can provide a holistic solution. I would utilize Selenium WebDriver with headless Chrome to seamlessly automate the login process. This paradigm shift in approach would foster innovation by enabling us to scale. To summarize: I would use machine learning to detect and solve the CAPTCHA.",,2026-03-17T11:07:10.321283+00:00,mock,AI Agent Developer,,applied,"{""mock"": true, ""index"": 60}"
mock_61,Eve Wilson,eve.wilson61@example.com,,https://linkedin.com/in/eve.wilson61,"Python, Selenium, Flask, MySQL",NA,,,2026-04-01T11:07:10.321283+00:00,mock,AI Agent Developer,,applied,"{""mock"": true, ""index"": 61}"
mock_62,Charlie Smith,charlie.smith62@iitd.ac.in,https://github.com/charliesmith571,,"Python, Machine Learning, TensorFlow, pandas","Main Python use karta hoon, aur machine learning mein experience hai.",Mujhe yeh role bahut pasand aayi kyunki main AI mein interested hoon.,,2026-03-23T11:07:10.322250+00:00,mock,AI Agent Developer,,applied,"{""mock"": true, ""index"": 62}"
mock_63,Kavya Reddy,kavya.reddy63@bits-pilani.ac.in,https://github.com/kavyareddy63573,https://linkedin.com/in/kavya.reddy63,"Python, Scrapy, BeautifulSoup, SQL",Use Playwright to automate the browser and get the data. Can handle CAPTCHA with third-party solving services like 2Captcha.,I would create a scoring algorithm based on keywords and answer length.,,2026-03-18T11:07:10.322250+00:00,mock,AI Agent Developer,,applied,"{""mock"": true, ""index"": 63}"
mock_64,Tanvi Mishra,tanvi.mishra64@outlook.com,,,"Rust, Go, distributed systems, Kafka","Certainly! I'd be happy to help with this challenge. Here's a comprehensive overview of my approach. In today's rapidly evolving landscape of web automation and data extraction, it's worth noting that leveraging cutting-edge technologies can provide a holistic solution. I would utilize Selenium WebDriver with headless Chrome to seamlessly automate the login process. This paradigm shift in approach would foster innovation by enabling us to scale. To summarize: I would use machine learning to detect and solve the CAPTCHA.","As an AI language model, I can outline a comprehensive approach. Great question! In today's rapidly evolving technological landscape, I'd be happy to help design this system. A holistic, cutting-edge solution would leverage multiple approaches.",,2026-03-23T11:07:10.323223+00:00,mock,AI Agent Developer,,applied,"{""mock"": true, ""index"": 64}"
mock_65,Pooja Agarwal,pooja.agarwal65@example.com,,,"Rust, Go, distributed systems, Kafka","Certainly! I'd be happy to help with this challenge. Here's a comprehensive overview of my approach. In today's rapidly evolving landscape of web automation and data extraction, it's worth noting that leveraging cutting-edge technologies can provide a holistic solution. I would utilize Selenium WebDriver with headless Chrome to seamlessly automate the login process. This paradigm shift in approach would foster innovation by enabling us to scale. To summarize: I would use machine learning to detect and solve the CAPTCHA.","As an AI language model, I can outline a comprehensive approach. Great question! In today's rapidly evolving technological landscape, I'd be happy to help design this system. A holistic, cutting-edge solution would leverage multiple approaches.",,2026-03-23T11:07:10.323223+00:00,mock,AI Agent Developer,,applied,"{""mock"": true, ""index"": 65}"
mock_66,Ananya Kumar,ananya.kumar66@yahoo.com,https://github.com/ananyakumar6328,,"Rust, Go, distributed systems, Kafka","I inspected the Internshala login flow using Chrome DevTools Network tab. The reCAPTCHA v3 invisible variant sends a POST to https://www.google.com/recaptcha/api2/userverify with a token scoring the session 0.0-1.0 — headless browsers score 0.1 or lower. Attempt 1: Playwright stealth mode (playwright-extra + puppeteer-extra-plugin-stealth) — blocked at form submit, HTTP 403. Attempt 2: extracted cookies from Firefox cookies.sqlite after manual login — worked locally but failed on server due to IP binding (HTTP 400). Solution: residential proxy (Bright Data) with sticky sessions — 1 IP per session. Wrote a Python 3.11 script using httpx + asyncio: 57 pages x 20 candidates = 1140 total. Rate limit: 2 req/s to avoid detection. Full code at https://github.com/myuser/internshala-scraper","For scoring, I'd embed answers using sentence-transformers and compute cosine similarity.",,2026-03-30T11:07:10.324240+00:00,mock,AI Agent Developer,,applied,"{""mock"": true, ""index"": 66}"
mock_67,Arjun Singh,arjun.singh67@bits-pilani.ac.in,https://github.com/arjunsingh67425,,"React, TypeScript, GraphQL, AWS",Use Playwright to automate the browser and get the data. Can handle CAPTCHA with third-party solving services like 2Captcha.,I would create a scoring algorithm based on keywords and answer length.,,2026-03-24T11:07:10.325237+00:00,mock,AI Agent Developer,,applied,"{""mock"": true, ""index"": 67}"
mock_68,Siddharth Shah,siddharth.shah68@outlook.com,,https://linkedin.com/in/siddharth.shah68,"Python, Scrapy, BeautifulSoup, SQL","Main Python use karta hoon, aur machine learning mein experience hai.",Mujhe yeh role bahut pasand aayi kyunki main AI mein interested hoon.,,2026-03-10T11:07:10.325237+00:00,mock,AI Agent Developer,,applied,"{""mock"": true, ""index"": 68}"
mock_69,Shreya Tiwari,shreya.tiwari69@outlook.com,https://github.com/shreyatiwari966,https://linkedin.com/in/shreya.tiwari69,"Python, Django, REST API, Git",Use Playwright to automate the browser and get the data. Can handle CAPTCHA with third-party solving services like 2Captcha.,I would create a scoring algorithm based on keywords and answer length.,,2026-03-10T11:07:10.326242+00:00,mock,AI Agent Developer,,applied,"{""mock"": true, ""index"": 69}"
mock_70,Siddharth Shah,siddharth.shah70@iitd.ac.in,,,"Rust, Go, distributed systems, Kafka",NA,,,2026-03-22T11:07:10.326242+00:00,mock,AI Agent Developer,,applied,"{""mock"": true, ""index"": 70}"
mock_71,Siddharth Shah,siddharth.shah71@outlook.com,https://github.com/siddharthsha345,,"Data Analysis, Excel, Power BI",no idea,,,2026-03-14T11:07:10.327241+00:00,mock,AI Agent Developer,,applied,"{""mock"": true, ""index"": 71}"
mock_72,Kavya Reddy,kavya.reddy72@yahoo.com,,https://linkedin.com/in/kavya.reddy72,"Rust, Go, distributed systems, Kafka","reCAPTCHA v3 scores the browser session using 18+ behavioral signals including mouse movement, scroll patterns, and keypress timing — not just the form submit. I used curl-impersonate (Chrome 120 profile) to replicate the TLS ClientHello fingerprint. Then wrote a mouse-movement simulator in Python: 50-100ms intervals, bezier-curve paths. Result: reCAPTCHA score of 0.7 (threshold is 0.5). Session management: FastAPI backend, Redis for session storage, 1 Bright Data residential IP per session. Handles 57 pages in 4 minutes. Pagination via XHR offset parameter. Code: ","For scoring, I'd embed answers using sentence-transformers and compute cosine similarity.",,2026-03-19T11:07:10.327241+00:00,mock,AI Agent Developer,,applied,"{""mock"": true, ""index"": 72}"
mock_73,Aarav Sharma,aarav.sharma73@gmail.com,,,"JavaScript, React, Node.js, MongoDB","Main Python use karta hoon, aur machine learning mein experience hai.",Mujhe yeh role bahut pasand aayi kyunki main AI mein interested hoon.,,2026-04-05T11:07:10.327241+00:00,mock,AI Agent Developer,,applied,"{""mock"": true, ""index"": 73}"
mock_74,Rohan Das,rohan.das74@yahoo.com,https://github.com/rohandas74346,https://linkedin.com/in/rohan.das74,"React, TypeScript, GraphQL, AWS",Use Playwright to automate the browser and get the data. Can handle CAPTCHA with third-party solving services like 2Captcha.,I would create a scoring algorithm based on keywords and answer length.,,2026-03-29T11:07:10.328240+00:00,mock,AI Agent Developer,,applied,"{""mock"": true, ""index"": 74}"
mock_75,Aditya Bose,aditya.bose75@gmail.com,,https://linkedin.com/in/aditya.bose75,"Python, FastAPI, Docker, Redis, PostgreSQL","Main Python use karta hoon, aur web dev mein experience hai.",Mujhe yeh role bahut pasand aayi kyunki main AI mein interested hoon.,,2026-03-30T11:07:10.328240+00:00,mock,AI Agent Developer,,applied,"{""mock"": true, ""index"": 75}"
mock_76,Eve Wilson,eve.wilson76@bits-pilani.ac.in,https://github.com/evewilson7632,,"Python, Machine Learning, TensorFlow, pandas","I would use Selenium with headless Chrome to automate the login. Then use BeautifulSoup to parse the HTML and extract applicant data. For pagination, I'd loop through all 57 pages.",I would create a scoring algorithm based on keywords and answer length.,,2026-03-18T11:07:10.328240+00:00,mock,AI Agent Developer,,applied,"{""mock"": true, ""index"": 76}"
mock_77,Arjun Singh,arjun.singh77@outlook.com,,,"Python, Scrapy, BeautifulSoup, SQL","Main Python use karta hoon, aur web dev mein experience hai.",Mujhe yeh role bahut pasand aayi kyunki main AI mein interested hoon.,,2026-03-15T11:07:10.329240+00:00,mock,AI Agent Developer,,applied,"{""mock"": true, ""index"": 77}"
mock_78,Ishaan Nair,ishaan.nair78@yahoo.com,,,I know programming,NA,,,2026-03-28T11:07:10.329240+00:00,mock,AI Agent Developer,,applied,"{""mock"": true, ""index"": 78}"
mock_79,Aarav Sharma,aarav.sharma79@hotmail.com,https://github.com/aaravsharma7930,https://linkedin.com/in/aarav.sharma79,"React, TypeScript, GraphQL, AWS","Certainly! I'd be happy to help with this challenge. Here's a comprehensive overview of my approach. In today's rapidly evolving landscape of web automation and data extraction, it's worth noting that leveraging cutting-edge technologies can provide a holistic solution. I would utilize Selenium WebDriver with headless Chrome to seamlessly automate the login process. This paradigm shift in approach would foster innovation by enabling us to scale. To summarize: I would use machine learning to detect and solve the CAPTCHA.","Certainly! I'd be happy to help with this challenge. Here's a comprehensive overview of my approach. In today's rapidly evolving landscape of web automation and data extraction, it's worth noting that leveraging cutting-edge technologies can provide a holistic solution. I would utilize Selenium WebDriver with headless Chrome to seamlessly automate the login process. This paradigm shift in approach would foster innovation by enabling us to scale. To summarize: I would use machine learning to detect and solve the CAPTCHA.",,2026-03-19T11:07:10.329240+00:00,mock,AI Agent Developer,,applied,"{""mock"": true, ""index"": 79}"
mock_80,Alice Chen,alice.chen80@yahoo.com,https://github.com/alicechen80792,,"Java, Spring Boot, AWS, Kubernetes","Main Python use karta hoon, aur data science mein experience hai.",Mujhe yeh role bahut pasand aayi kyunki main AI mein interested hoon.,,2026-03-12T11:07:10.330240+00:00,mock,AI Agent Developer,,applied,"{""mock"": true, ""index"": 80}"
mock_81,Shreya Tiwari,shreya.tiwari81@example.com,https://github.com/shreyatiwari546,https://linkedin.com/in/shreya.tiwari81,"React, TypeScript, GraphQL, AWS",,,,2026-03-21T11:07:10.330240+00:00,mock,AI Agent Developer,,applied,"{""mock"": true, ""index"": 81}"
mock_82,Aarav Sharma,aarav.sharma82@example.com,https://github.com/aaravsharma8502,,"Python, Selenium, Flask, MySQL","As an AI language model, I can outline a comprehensive approach. Great question! In today's rapidly evolving technological landscape, I'd be happy to help design this system. A holistic, cutting-edge solution would leverage multiple approaches.","As an AI language model, I can outline a comprehensive approach. Great question! In today's rapidly evolving technological landscape, I'd be happy to help design this system. A holistic, cutting-edge solution would leverage multiple approaches.",,2026-03-15T11:07:10.330240+00:00,mock,AI Agent Developer,,applied,"{""mock"": true, ""index"": 82}"
mock_83,Divya Mehta,divya.mehta83@bits-pilani.ac.in,https://github.com/divyamehta83667,https://linkedin.com/in/divya.mehta83,"Java, Spring Boot, AWS, Kubernetes","As an AI language model, I can outline a comprehensive approach. Great question! In today's rapidly evolving technological landscape, I'd be happy to help design this system. A holistic, cutting-edge solution would leverage multiple approaches.","As an AI language model, I can outline a comprehensive approach. Great question! In today's rapidly evolving technological landscape, I'd be happy to help design this system. A holistic, cutting-edge solution would leverage multiple approaches.",,2026-03-24T11:07:10.331240+00:00,mock,AI Agent Developer,,applied,"{""mock"": true, ""index"": 83}"
mock_84,Shreya Tiwari,shreya.tiwari84@hotmail.com,https://github.com/shreyatiwari252,https://linkedin.com/in/shreya.tiwari84,"Python, Selenium, Flask, MySQL",Use Playwright to automate the browser and get the data. Can handle CAPTCHA with third-party solving services like 2Captcha.,I would create a scoring algorithm based on keywords and answer length.,,2026-03-30T11:07:10.331240+00:00,mock,AI Agent Developer,,applied,"{""mock"": true, ""index"": 84}"
mock_85,Shreya Tiwari,shreya.tiwari85@iitd.ac.in,,https://linkedin.com/in/shreya.tiwari85,"Python, Django, REST API, Git","reCAPTCHA v3 scores the browser session using 18+ behavioral signals including mouse movement, scroll patterns, and keypress timing — not just the form submit. I used curl-impersonate (Chrome 120 profile) to replicate the TLS ClientHello fingerprint. Then wrote a mouse-movement simulator in Python: 50-100ms intervals, bezier-curve paths. Result: reCAPTCHA score of 0.7 (threshold is 0.5). Session management: FastAPI backend, Redis for session storage, 1 Bright Data residential IP per session. Handles 57 pages in 4 minutes. Pagination via XHR offset parameter. Code: ","For scoring, I'd embed answers using sentence-transformers and compute cosine similarity.",,2026-04-01T11:07:10.332240+00:00,mock,AI Agent Developer,,applied,"{""mock"": true, ""index"": 85}"
mock_86,Ishaan Nair,ishaan.nair86@example.com,https://github.com/ishaannair86287,,"Python, Scrapy, BeautifulSoup, SQL",Will discuss in interview,,,2026-03-20T11:07:10.332240+00:00,mock,AI Agent Developer,,applied,"{""mock"": true, ""index"": 86}"
mock_87,Karan Joshi,karan.joshi87@gmail.com,https://github.com/karanjoshi87417,https://linkedin.com/in/karan.joshi87,"Python, LangChain, OpenAI, FastAPI, Redis","Certainly! I'd be happy to help with this challenge. Here's a comprehensive overview of my approach. In today's rapidly evolving landscape of web automation and data extraction, it's worth noting that leveraging cutting-edge technologies can provide a holistic solution. I would utilize Selenium WebDriver with headless Chrome to seamlessly automate the login process. This paradigm shift in approach would foster innovation by enabling us to scale. To summarize: I would use machine learning to detect and solve the CAPTCHA.","As an AI language model, I can outline a comprehensive approach. Great question! In today's rapidly evolving technological landscape, I'd be happy to help design this system. A holistic, cutting-edge solution would leverage multiple approaches.",,2026-03-17T11:07:10.332240+00:00,mock,AI Agent Developer,,applied,"{""mock"": true, ""index"": 87}"
mock_88,Kavya Reddy,kavya.reddy88@example.com,https://github.com/kavyareddy88302,https://linkedin.com/in/kavya.reddy88,"Python, Machine Learning, TensorFlow, pandas","Certainly! I'd be happy to help with this challenge. Here's a comprehensive overview of my approach. In today's rapidly evolving landscape of web automation and data extraction, it's worth noting that leveraging cutting-edge technologies can provide a holistic solution. I would utilize Selenium WebDriver with headless Chrome to seamlessly automate the login process. This paradigm shift in approach would foster innovation by enabling us to scale. To summarize: I would use machine learning to detect and solve the CAPTCHA.","As an AI language model, I can outline a comprehensive approach. Great question! In today's rapidly evolving technological landscape, I'd be happy to help design this system. A holistic, cutting-edge solution would leverage multiple approaches.",,2026-03-16T11:07:10.333240+00:00,mock,AI Agent Developer,,applied,"{""mock"": true, ""index"": 88}"
mock_89,Aditya Bose,aditya.bose89@iitd.ac.in,https://github.com/adityabose89436,,I know programming,"As an AI language model, I can outline a comprehensive approach. Great question! In today's rapidly evolving technological landscape, I'd be happy to help design this system. A holistic, cutting-edge solution would leverage multiple approaches.","As an AI language model, I can outline a comprehensive approach. Great question! In today's rapidly evolving technological landscape, I'd be happy to help design this system. A holistic, cutting-edge solution would leverage multiple approaches.",,2026-03-29T11:07:10.333240+00:00,mock,AI Agent Developer,,applied,"{""mock"": true, ""index"": 89}"
mock_90,Pooja Agarwal,pooja.agarwal90@gmail.com,,,"Python, Django, REST API, Git","I would use Selenium with headless Chrome to automate the login. Then use BeautifulSoup to parse the HTML and extract applicant data. For pagination, I'd loop through all 57 pages.",I would create a scoring algorithm based on keywords and answer length.,,2026-03-31T11:07:10.333240+00:00,mock,AI Agent Developer,,applied,"{""mock"": true, ""index"": 90}"
mock_91,Aditya Bose,aditya.bose91@hotmail.com,,,"Rust, Go, distributed systems, Kafka","Certainly! I'd be happy to help with this challenge. Here's a comprehensive overview of my approach. In today's rapidly evolving landscape of web automation and data extraction, it's worth noting that leveraging cutting-edge technologies can provide a holistic solution. I would utilize Selenium WebDriver with headless Chrome to seamlessly automate the login process. This paradigm shift in approach would foster innovation by enabling us to scale. To summarize: I would use machine learning to detect and solve the CAPTCHA.","Certainly! I'd be happy to help with this challenge. Here's a comprehensive overview of my approach. In today's rapidly evolving landscape of web automation and data extraction, it's worth noting that leveraging cutting-edge technologies can provide a holistic solution. I would utilize Selenium WebDriver with headless Chrome to seamlessly automate the login process. This paradigm shift in approach would foster innovation by enabling us to scale. To summarize: I would use machine learning to detect and solve the CAPTCHA.",,2026-03-28T11:07:10.334227+00:00,mock,AI Agent Developer,,applied,"{""mock"": true, ""index"": 91}"
mock_92,Divya Mehta,divya.mehta92@hotmail.com,https://github.com/divyamehta92547,,"JavaScript, React, Node.js, MongoDB","I would use Selenium with headless Chrome to automate the login. Then use BeautifulSoup to parse the HTML and extract applicant data. For pagination, I'd loop through all 57 pages.",I would create a scoring algorithm based on keywords and answer length.,,2026-03-20T11:07:10.334227+00:00,mock,AI Agent Developer,,applied,"{""mock"": true, ""index"": 92}"
mock_93,Arjun Singh,arjun.singh93@bits-pilani.ac.in,,,"Python, LangChain, OpenAI, FastAPI, Redis","I would use Selenium with headless Chrome to automate the login. Then use BeautifulSoup to parse the HTML and extract applicant data. For pagination, I'd loop through all 57 pages.",I would create a scoring algorithm based on keywords and answer length.,,2026-03-19T11:07:10.334227+00:00,mock,AI Agent Developer,,applied,"{""mock"": true, ""index"": 93}"
mock_94,Aditya Bose,aditya.bose94@outlook.com,https://github.com/adityabose94989,https://linkedin.com/in/aditya.bose94,"Python, FastAPI, Docker, Redis, PostgreSQL",Use Playwright to automate the browser and get the data. Can handle CAPTCHA with third-party solving services like 2Captcha.,I would create a scoring algorithm based on keywords and answer length.,,2026-04-03T11:07:10.335228+00:00,mock,AI Agent Developer,,applied,"{""mock"": true, ""index"": 94}"
mock_95,Meera Pillai,meera.pillai95@outlook.com,https://github.com/meerapillai9645,https://linkedin.com/in/meera.pillai95,"Data Analysis, Excel, Power BI","I inspected the Internshala login flow using Chrome DevTools Network tab. The reCAPTCHA v3 invisible variant sends a POST to https://www.google.com/recaptcha/api2/userverify with a token scoring the session 0.0-1.0 — headless browsers score 0.1 or lower. Attempt 1: Playwright stealth mode (playwright-extra + puppeteer-extra-plugin-stealth) — blocked at form submit, HTTP 403. Attempt 2: extracted cookies from Firefox cookies.sqlite after manual login — worked locally but failed on server due to IP binding (HTTP 400). Solution: residential proxy (Bright Data) with sticky sessions — 1 IP per session. Wrote a Python 3.11 script using httpx + asyncio: 57 pages x 20 candidates = 1140 total. Rate limit: 2 req/s to avoid detection. Full code at https://github.com/myuser/internshala-scraper","For scoring, I'd embed answers using sentence-transformers and compute cosine similarity.",,2026-03-12T11:07:10.335228+00:00,mock,AI Agent Developer,,applied,"{""mock"": true, ""index"": 95}"
mock_96,Ananya Kumar,ananya.kumar96@gmail.com,,https://linkedin.com/in/ananya.kumar96,"Python, Selenium, Flask, MySQL","As an AI language model, I can outline a comprehensive approach. Great question! In today's rapidly evolving technological landscape, I'd be happy to help design this system. A holistic, cutting-edge solution would leverage multiple approaches.","Certainly! I'd be happy to help with this challenge. Here's a comprehensive overview of my approach. In today's rapidly evolving landscape of web automation and data extraction, it's worth noting that leveraging cutting-edge technologies can provide a holistic solution. I would utilize Selenium WebDriver with headless Chrome to seamlessly automate the login process. This paradigm shift in approach would foster innovation by enabling us to scale. To summarize: I would use machine learning to detect and solve the CAPTCHA.",,2026-03-13T11:07:10.336106+00:00,mock,AI Agent Developer,,applied,"{""mock"": true, ""index"": 96}"
mock_97,Kavya Reddy,kavya.reddy97@outlook.com,https://github.com/kavyareddy97603,https://linkedin.com/in/kavya.reddy97,"React, TypeScript, GraphQL, AWS","I would use Selenium with headless Chrome to automate the login. Then use BeautifulSoup to parse the HTML and extract applicant data. For pagination, I'd loop through all 57 pages.",I would create a scoring algorithm based on keywords and answer length.,,2026-03-18T11:07:10.336106+00:00,mock,AI Agent Developer,,applied,"{""mock"": true, ""index"": 97}"
mock_98,Sneha Gupta,sneha.gupta98@example.com,https://github.com/snehagupta98217,,"Java, Spring Boot, AWS, Kubernetes",NA,,,2026-03-30T11:07:10.337196+00:00,mock,AI Agent Developer,,applied,"{""mock"": true, ""index"": 98}"
mock_99,Rahul Verma,rahul.verma99@yahoo.com,https://github.com/rahulverma99462,,I know programming,"As an AI language model, I can outline a comprehensive approach. Great question! In today's rapidly evolving technological landscape, I'd be happy to help design this system. A holistic, cutting-edge solution would leverage multiple approaches.","Certainly! I'd be happy to help with this challenge. Here's a comprehensive overview of my approach. In today's rapidly evolving landscape of web automation and data extraction, it's worth noting that leveraging cutting-edge technologies can provide a holistic solution. I would utilize Selenium WebDriver with headless Chrome to seamlessly automate the login process. This paradigm shift in approach would foster innovation by enabling us to scale. To summarize: I would use machine learning to detect and solve the CAPTCHA.",,2026-03-30T11:07:10.337196+00:00,mock,AI Agent Developer,,applied,"{""mock"": true, ""index"": 99}"
mock_100,Ananya Kumar,ananya.kumar100@bits-pilani.ac.in,,https://linkedin.com/in/ananya.kumar100,"Python, Selenium, Flask, MySQL",Will discuss in interview,,,2026-03-12T11:07:10.338254+00:00,mock,AI Agent Developer,,applied,"{""mock"": true, ""index"": 100}"
mock_101,Shreya Tiwari,shreya.tiwari101@bits-pilani.ac.in,,,"Python, Machine Learning, TensorFlow, pandas","Certainly! I'd be happy to help with this challenge. Here's a comprehensive overview of my approach. In today's rapidly evolving landscape of web automation and data extraction, it's worth noting that leveraging cutting-edge technologies can provide a holistic solution. I would utilize Selenium WebDriver with headless Chrome to seamlessly automate the login process. This paradigm shift in approach would foster innovation by enabling us to scale. To summarize: I would use machine learning to detect and solve the CAPTCHA.","Certainly! I'd be happy to help with this challenge. Here's a comprehensive overview of my approach. In today's rapidly evolving landscape of web automation and data extraction, it's worth noting that leveraging cutting-edge technologies can provide a holistic solution. I would utilize Selenium WebDriver with headless Chrome to seamlessly automate the login process. This paradigm shift in approach would foster innovation by enabling us to scale. To summarize: I would use machine learning to detect and solve the CAPTCHA.",,2026-03-08T11:07:10.339259+00:00,mock,AI Agent Developer,,applied,"{""mock"": true, ""index"": 101}"
mock_102,Arjun Singh,arjun.singh102@gmail.com,https://github.com/arjunsingh10812,https://linkedin.com/in/arjun.singh102,"Java, Spring Boot, AWS, Kubernetes","As an AI language model, I can outline a comprehensive approach. Great question! In today's rapidly evolving technological landscape, I'd be happy to help design this system. A holistic, cutting-edge solution would leverage multiple approaches.","As an AI language model, I can outline a comprehensive approach. Great question! In today's rapidly evolving technological landscape, I'd be happy to help design this system. A holistic, cutting-edge solution would leverage multiple approaches.",,2026-04-03T11:07:10.339259+00:00,mock,AI Agent Developer,,applied,"{""mock"": true, ""index"": 102}"
mock_103,Ananya Kumar,ananya.kumar103@bits-pilani.ac.in,https://github.com/ananyakumar1279,,"Rust, Go, distributed systems, Kafka","As an AI language model, I can outline a comprehensive approach. Great question! In today's rapidly evolving technological landscape, I'd be happy to help design this system. A holistic, cutting-edge solution would leverage multiple approaches.","Certainly! I'd be happy to help with this challenge. Here's a comprehensive overview of my approach. In today's rapidly evolving landscape of web automation and data extraction, it's worth noting that leveraging cutting-edge technologies can provide a holistic solution. I would utilize Selenium WebDriver with headless Chrome to seamlessly automate the login process. This paradigm shift in approach would foster innovation by enabling us to scale. To summarize: I would use machine learning to detect and solve the CAPTCHA.",,2026-03-18T11:07:10.340198+00:00,mock,AI Agent Developer,,applied,"{""mock"": true, ""index"": 103}"
mock_104,Siddharth Shah,siddharth.shah104@bits-pilani.ac.in,https://github.com/siddharthsha257,https://linkedin.com/in/siddharth.shah104,"Python, FastAPI, Docker, Redis, PostgreSQL","I inspected the Internshala login flow using Chrome DevTools Network tab. The reCAPTCHA v3 invisible variant sends a POST to https://www.google.com/recaptcha/api2/userverify with a token scoring the session 0.0-1.0 — headless browsers score 0.1 or lower. Attempt 1: Playwright stealth mode (playwright-extra + puppeteer-extra-plugin-stealth) — blocked at form submit, HTTP 403. Attempt 2: extracted cookies from Firefox cookies.sqlite after manual login — worked locally but failed on server due to IP binding (HTTP 400). Solution: residential proxy (Bright Data) with sticky sessions — 1 IP per session. Wrote a Python 3.11 script using httpx + asyncio: 57 pages x 20 candidates = 1140 total. Rate limit: 2 req/s to avoid detection. Full code at https://github.com/myuser/internshala-scraper","For scoring, I'd embed answers using sentence-transformers and compute cosine similarity.",,2026-03-13T11:07:10.340198+00:00,mock,AI Agent Developer,,applied,"{""mock"": true, ""index"": 104}"
mock_105,Vikram Rao,vikram.rao105@iitd.ac.in,https://github.com/vikramrao105775,https://linkedin.com/in/vikram.rao105,"JavaScript, React, Node.js, MongoDB","As an AI language model, I can outline a comprehensive approach. Great question! In today's rapidly evolving technological landscape, I'd be happy to help design this system. A holistic, cutting-edge solution would leverage multiple approaches.","As an AI language model, I can outline a comprehensive approach. Great question! In today's rapidly evolving technological landscape, I'd be happy to help design this system. A holistic, cutting-edge solution would leverage multiple approaches.",,2026-04-01T11:07:10.341298+00:00,mock,AI Agent Developer,,applied,"{""mock"": true, ""index"": 105}"
mock_106,Siddharth Shah,siddharth.shah106@bits-pilani.ac.in,,https://linkedin.com/in/siddharth.shah106,"Python, Selenium, Flask, MySQL","As an AI language model, I can outline a comprehensive approach. Great question! In today's rapidly evolving technological landscape, I'd be happy to help design this system. A holistic, cutting-edge solution would leverage multiple approaches.","As an AI language model, I can outline a comprehensive approach. Great question! In today's rapidly evolving technological landscape, I'd be happy to help design this system. A holistic, cutting-edge solution would leverage multiple approaches.",,2026-03-27T11:07:10.341298+00:00,mock,AI Agent Developer,,applied,"{""mock"": true, ""index"": 106}"
mock_107,Divya Mehta,divya.mehta107@hotmail.com,https://github.com/divyamehta10508,https://linkedin.com/in/divya.mehta107,"Java, Spring Boot, AWS, Kubernetes",no idea,,,2026-03-11T11:07:10.341298+00:00,mock,AI Agent Developer,,applied,"{""mock"": true, ""index"": 107}"
mock_108,Priya Patel,priya.patel108@outlook.com,https://github.com/priyapatel10259,https://linkedin.com/in/priya.patel108,"Python, Django, REST API, Git",Use Playwright to automate the browser and get the data. Can handle CAPTCHA with third-party solving services like 2Captcha.,I would create a scoring algorithm based on keywords and answer length.,,2026-03-10T11:07:10.342196+00:00,mock,AI Agent Developer,,applied,"{""mock"": true, ""index"": 108}"
mock_109,Aarav Sharma,aarav.sharma109@bits-pilani.ac.in,,https://linkedin.com/in/aarav.sharma109,"Python, LangChain, OpenAI, FastAPI, Redis","Certainly! I'd be happy to help with this challenge. Here's a comprehensive overview of my approach. In today's rapidly evolving landscape of web automation and data extraction, it's worth noting that leveraging cutting-edge technologies can provide a holistic solution. I would utilize Selenium WebDriver with headless Chrome to seamlessly automate the login process. This paradigm shift in approach would foster innovation by enabling us to scale. To summarize: I would use machine learning to detect and solve the CAPTCHA.","As an AI language model, I can outline a comprehensive approach. Great question! In today's rapidly evolving technological landscape, I'd be happy to help design this system. A holistic, cutting-edge solution would leverage multiple approaches.",,2026-03-18T11:07:10.342196+00:00,mock,AI Agent Developer,,applied,"{""mock"": true, ""index"": 109}"
mock_110,Alice Chen,alice.chen110@outlook.com,,,"Python, Machine Learning, TensorFlow, pandas","I would use Selenium with headless Chrome to automate the login. Then use BeautifulSoup to parse the HTML and extract applicant data. For pagination, I'd loop through all 57 pages.",I would create a scoring algorithm based on keywords and answer length.,,2026-03-08T11:07:10.343317+00:00,mock,AI Agent Developer,,applied,"{""mock"": true, ""index"": 110}"
